id,score
0,0.039312358216031455
1,0.014781192066740795
2,0.0944346292878931
3,0.04892254559479498
4,0.24903836101132215
5,0.1554078120308774
6,0.1040604610234649
7,0.00902731439649801
8,0.9867118525272797
9,0.14683069088936454
10,0.018941185384558926
11,0.03176572494180689
12,0.035200770511859616
13,0.04918534228894303
14,0.9878902704564472
15,0.03772308150267683
16,0.053580586754452715
17,0.04512739395186637
18,0.016284568529856377
19,0.04798641238640574
20,0.010713607553641962
21,0.32396418958368123
22,0.3290981357140519
23,0.047943290459711276
24,0.2769362149127103
25,0.2793601388278436
26,0.33590113601621013
27,0.04767054093905944
28,0.3250487182059948
29,0.3014211803965509
30,0.09625941301191046
31,0.08027146757545343
32,0.04420711414876945
33,0.04367916887566598
34,0.2633545330358795
35,0.5978511133371666
36,0.04540483488428487
37,0.04526230129070132
38,0.09906393217305663
39,0.05775422799317992
40,0.022214188406509416
41,0.1358752835310174
42,0.09812057011330025
43,0.04942467720793713
44,0.0492783257771515
45,0.48170903305931495
46,0.24996258956945627
47,0.04381800117985764
48,0.03667349606237193
49,0.00883994178888118
50,0.04245632397251966
51,0.04960430876080939
52,0.045692778717393745
53,0.33186111512735444
54,0.479387190976654
55,0.04250231627556607
56,0.0951579470764146
57,0.3316542726390287
58,0.01905015327477548
59,0.04721321279173178
60,0.04514814069466058
61,0.09063145581174242
62,0.04120058018915991
63,0.021464891556740112
64,0.02300022632074895
65,0.03606427143760026
66,0.05157471660605237
67,0.04577062531158756
68,0.09105493293144085
69,0.037661748710186446
70,0.04868172640004346
71,0.999999988324685
72,0.02556900824926642
73,0.24266263620525486
74,0.036495521272562975
75,0.05050051475100829
76,0.04174586719502689
77,0.09741362174020693
78,0.6571509504913134
79,0.049760064923452474
80,0.023958181144151686
81,0.15652336450811033
82,0.2519803716036242
83,0.15010463105935695
84,0.04218357336902089
85,0.034817719158789666
86,0.5906820111469628
87,0.029664386825834336
88,0.04186048688225758
89,0.10033112984823035
90,0.3222124284019693
91,0.3327416403266562
92,0.025870243200714495
93,0.04893242678627527
94,0.04127264174110049
95,0.023379586530091277
96,0.32481243224394335
97,0.0988117262657492
98,0.04766750396453377
99,0.09963335073234497
100,0.02267221662875504
101,0.28262710807595864
102,0.31900859486661837
103,0.03386587988867569
104,0.48020003180476106
105,0.15090268760380637
106,0.02055275182085439
107,0.048810470847292106
108,0.3224390444785148
109,0.15017827273694936
110,0.32776369587199466
111,0.08798783844931443
112,0.07516137207446442
113,0.03343663176843055
114,0.33042331676988645
115,0.3316109170263035
116,0.15407542478412592
117,0.04543187008427425
118,0.07653799528256615
119,0.020264854834912655
120,0.014111342271466086
121,0.3247119534816746
122,0.04309711264415874
123,0.15180747068598996
124,0.999999988324685
125,0.04446134520926728
126,0.035243697163727924
127,0.028746710610252673
128,0.0520673533561346
129,0.15197603064429982
130,0.09947138709239944
131,0.043611958371525726
132,0.04706232411543175
133,0.046681047732513956
134,0.02275566512709233
135,0.07420796554815134
136,0.5760805093888017
137,0.04944053121411648
138,0.999999988324685
139,0.031811643966045924
140,0.3266342363186147
141,0.09767925021355911
142,0.09094886067717868
143,0.043112254189647765
144,0.01708134050605035
145,0.999999988324685
146,0.06641648301632672
147,0.03829164192792711
148,0.9873316310068946
149,0.040261305766541626
150,0.04902879641931206
151,0.04879144689566096
152,0.044813167152532765
153,0.32168527372914313
154,0.024406502661717677
155,0.008425666153843698
156,0.04705138343762534
157,0.047761286146896065
158,0.04871382713887
159,0.10245824762456132
160,0.048972341601237236
161,0.09359544327186992
162,0.10050893894850838
163,0.004596970121147191
164,0.008120569015010359
165,0.04208058919694352
166,0.09799413211150709
167,0.02845236639741481
168,0.48487874211766185
169,0.023922502014010503
170,0.047984107809238064
171,0.10002936066646297
172,0.09984967786446082
173,0.05090686120911228
174,0.4874187396580598
175,0.047014071357634815
176,0.01997936728902181
177,0.0473302416635678
178,0.09727418051945812
179,0.04321274987399162
180,0.08516199156382352
181,0.13727551053531745
182,0.589591687390555
183,0.03325561442816933
184,0.03701600419806582
185,0.7411462223154047
186,0.008634402994679262
187,0.09031833867273187
188,0.09572707138131673
189,0.04754261995196045
190,0.04806092078409446
191,0.09576912350814168
192,0.09869372414566072
193,0.12568669199984223
194,0.04740154980078673
195,0.4957939959015751
196,0.0469899111473538
197,0.040853372318616105
198,0.649914150258047
199,0.10063779797672374
200,0.09649380562672423
201,0.04357196705385077
202,0.035740851026032174
203,0.47278001979081896
204,0.03177024298266648
205,0.3248454351429387
206,0.046514774138989474
207,0.10428567651031213
208,0.09950519682428048
209,0.04895787092707923
210,0.24508441240689327
211,0.0313319955947028
212,0.04574473783881383
213,0.09984338708250895
214,0.0398105639976078
215,0.1400556214630387
216,0.09838184705333539
217,0.044042477543287425
218,0.6010956086280246
219,0.04697745426686748
220,0.03499219326811066
221,0.5529581988730192
222,0.022871718726329135
223,0.04686524606665708
224,0.9891301563806794
225,0.02902354332933156
226,0.058204132895771594
227,0.32451934189774784
228,0.010172601434288359
229,0.042040432703477876
230,0.01042875874949278
231,0.7418004126425832
232,0.09612656818654403
233,0.09299052358446667
234,0.15224137728480086
235,0.022078364380228088
236,0.6220014911251888
237,0.0513524989415976
238,0.09624492683758577
239,0.2536418366097048
240,0.0420760281734289
241,0.043835944549042744
242,0.09801460882968516
243,0.47034235064017377
244,0.02077944758406769
245,0.019555186238804676
246,0.06830130639420312
247,0.04803271981170271
248,0.046081382935871044
249,0.03462980508562598
250,0.10055878907926925
251,0.01860387347265208
252,0.015231375782142198
253,0.10232701279535068
254,0.2530892273831063
255,0.04788295370463497
256,0.09929948290215954
257,0.048818722315891544
258,0.049650951544862244
259,0.9882313174266973
260,0.01999647258561602
261,0.3210749746120602
262,0.14619719057103567
263,0.0456958977814249
264,0.04274740889461816
265,0.1019841374511357
266,0.045761732056228514
267,0.09572790586786248
268,0.04311083154223881
269,0.04600297431971311
270,0.045808918787014395
271,0.09987926141325232
272,0.0899181149843836
273,0.32733740479368345
274,0.046252606862704625
275,0.2519513779192391
276,0.7448549444735264
277,0.04780945265093408
278,0.04376665277090676
279,0.10004629402872436
280,0.012367242225578102
281,0.05040062300491643
282,0.09183730734272737
283,0.1159397400127839
284,0.04324237360466456
285,0.04880723017412299
286,0.05107250475516253
287,0.046338986041442605
288,0.09569857245748449
289,0.09785786985760549
290,0.04311385088785711
291,0.044555012755630494
292,0.04640884081946883
293,0.04779805083214493
294,0.0271585489803983
295,0.018139629641941084
296,0.02373434786236357
297,0.046049121865839295
298,0.09977230164031504
299,0.048721359045083894
300,0.49440689630092416
301,0.10129347675571967
302,0.10166461455414788
303,0.09213395688843458
304,0.10076434248735106
305,0.09981566298323122
306,0.15503037794027552
307,0.09363349103228275
308,0.033159649264522854
309,0.10042968129339035
310,0.03053331150007622
311,0.09891793461995294
312,0.09128729391129632
313,0.49772183647596485
314,0.03894552836967786
315,0.25104278982030215
316,0.04251382881661324
317,0.04451384651032215
318,0.5731935924364523
319,0.04958928294288043
320,0.28540258491544396
321,0.06513624776697355
322,0.09792775895454175
323,0.051689736317664346
324,0.029827844593357477
325,0.05173469636431229
326,0.050362523836923974
327,0.09375420566628472
328,0.043035104868320184
329,0.04784353858546309
330,0.0
331,0.09328575721171718
332,0.04868948072108218
333,0.0999039035750886
334,0.0990537903332542
335,0.04782898088931331
336,0.047591353268140214
337,0.02398471224914393
338,0.09378212153002664
339,0.04698787512223675
340,0.045623242161809546
341,0.6247801018129976
342,0.04800472292711508
343,0.30143339391063495
344,0.03845638810411158
345,0.039131972978403935
346,0.32972316819270375
347,0.10089640311267492
348,0.5516956709725034
349,0.04781002308572524
350,0.045485598085941534
351,0.09133993737448387
352,0.2547782164089597
353,0.09724052928418331
354,0.04961090813590486
355,0.008424495974056067
356,0.04138079694180109
357,0.0990882245615007
358,0.999999988324685
359,0.09931046721965262
